<?xml version="1.0" encoding="UTF-8"?><idempiere Name="2Pack_1.0.0" Version="1.0.0" idempiereVersion="" DataBaseVersion="" Description="" Author="" AuthorEmail="" CreatedDate="2019-03-04 21:43:44.965" UpdatedDate="2019-03-04 21:43:44.965" PackOutVersion="100" UpdateDictionary="false" Client="0-SYSTEM-System" AD_Client_UU="11237b53-9592-4af1-b3c5-afd216514b5d">
    <AD_Menu type="table">
        <SeqNo>999</SeqNo>
        <AD_Client_ID>0</AD_Client_ID>
        <AD_Org_ID>0</AD_Org_ID>
        <Name>Move Client</Name>
        <Description>Process to move a client from a external database to current</Description>
        <Action>P</Action>
        <AD_Window_ID reference="id"/>
        <AD_Workflow_ID reference="id"/>
        <AD_Task_ID reference="id"/>
        <IsActive>Y</IsActive>
        <IsSummary>N</IsSummary>
        <AD_Process_ID reference="uuid" reference-key="AD_Process">13de353f-189a-4b44-bd7e-fbef8d53fcc4</AD_Process_ID>
        <IsSOTrx>Y</IsSOTrx>
        <AD_Form_ID reference="id"/>
        <IsReadOnly>N</IsReadOnly>
        <EntityType>U</EntityType>
        <IsCentrallyMaintained>Y</IsCentrallyMaintained>
        <AD_Menu_UU>19399507-4cfa-499c-a054-81ad591cba48</AD_Menu_UU>
        <AD_InfoWindow_ID reference="id"/>
        <AD_Menu_Trl type="translation">
            <Name>Move Client</Name>
            <Description>Process to move a client from a external database to current</Description>
            <AD_Language>pt_BR</AD_Language>
            <IsActive>Y</IsActive>
            <IsTranslated>N</IsTranslated>
        </AD_Menu_Trl>
        <AD_Menu_Trl type="translation">
            <Name>Move Client</Name>
            <Description>Process to move a client from a external database to current</Description>
            <AD_Language>es_CO</AD_Language>
            <IsActive>Y</IsActive>
            <IsTranslated>N</IsTranslated>
        </AD_Menu_Trl>
        <AD_Process type="table">
            <AD_Client_ID>0</AD_Client_ID>
            <AD_Org_ID>0</AD_Org_ID>
            <IsActive>Y</IsActive>
            <Name>Move Client</Name>
            <Description>Process to move a client from a external</Description>
            <Help/>
            <ProcedureName/>
            <IsReport>N</IsReport>
            <Value>MoveClient</Value>
            <IsDirectPrint>N</IsDirectPrint>
            <AD_ReportView_ID reference="id"/>
            <Classname>org.globalqss.moveclient.process.MoveClient</Classname>
            <AccessLevel>4</AccessLevel>
            <EntityType>U</EntityType>
            <Statistic_Count>19</Statistic_Count>
            <Statistic_Seconds>1142</Statistic_Seconds>
            <AD_PrintFormat_ID reference="id"/>
            <WorkflowValue/>
            <AD_Workflow_ID reference="id"/>
            <IsBetaFunctionality>N</IsBetaFunctionality>
            <IsServerProcess>N</IsServerProcess>
            <ShowHelp>Y</ShowHelp>
            <JasperReport/>
            <AD_Form_ID reference="id"/>
            <CopyFromProcess>N</CopyFromProcess>
            <AD_Process_UU>13de353f-189a-4b44-bd7e-fbef8d53fcc4</AD_Process_UU>
            <AD_CtxHelp_ID reference="id"/>
            <AD_Process_Trl type="translation">
                <Help/>
                <Description>Process to move a client from a external</Description>
                <Name>Move Client</Name>
                <AD_Language>pt_BR</AD_Language>
                <IsActive>Y</IsActive>
                <IsTranslated>N</IsTranslated>
            </AD_Process_Trl>
            <AD_Process_Trl type="translation">
                <Help/>
                <Description>Process to move a client from a external</Description>
                <Name>Move Client</Name>
                <AD_Language>es_CO</AD_Language>
                <IsActive>Y</IsActive>
                <IsTranslated>N</IsTranslated>
            </AD_Process_Trl>
            <AD_Process_Para type="table">
                <AD_Client_ID>0</AD_Client_ID>
                <AD_Org_ID>0</AD_Org_ID>
                <IsActive>Y</IsActive>
                <Name>Only Validate</Name>
                <Description>Validate and do not process</Description>
                <Help/>
                <AD_Process_ID reference="uuid" reference-key="AD_Process">13de353f-189a-4b44-bd7e-fbef8d53fcc4</AD_Process_ID>
                <SeqNo>70</SeqNo>
                <AD_Reference_ID reference="id">20</AD_Reference_ID>
                <AD_Reference_Value_ID reference="id"/>
                <IsRange>N</IsRange>
                <AD_Val_Rule_ID reference="id"/>
                <FieldLength>1</FieldLength>
                <IsMandatory>Y</IsMandatory>
                <DefaultValue>Y</DefaultValue>
                <VFormat/>
                <ValueMin/>
                <ValueMax/>
                <ColumnName>IsValidateOnly</ColumnName>
                <DefaultValue2/>
                <IsCentrallyMaintained>N</IsCentrallyMaintained>
                <EntityType>U</EntityType>
                <AD_Element_ID reference="id">2168</AD_Element_ID>
                <ReadOnlyLogic/>
                <DisplayLogic/>
                <AD_Process_Para_UU>233aa417-db8c-445b-88e3-aacf75f82edd</AD_Process_Para_UU>
                <IsEncrypted>N</IsEncrypted>
                <MandatoryLogic/>
                <AD_Process_Para_Trl type="translation">
                    <Help/>
                    <Name>Only Validate</Name>
                    <Description>Validate and do not process</Description>
                    <AD_Language>pt_BR</AD_Language>
                    <IsActive>Y</IsActive>
                    <IsTranslated>N</IsTranslated>
                </AD_Process_Para_Trl>
                <AD_Process_Para_Trl type="translation">
                    <Help/>
                    <Name>Only Validate</Name>
                    <Description>Validate and do not process</Description>
                    <AD_Language>es_CO</AD_Language>
                    <IsActive>Y</IsActive>
                    <IsTranslated>N</IsTranslated>
                </AD_Process_Para_Trl>
            </AD_Process_Para>
            <AD_Element type="table">
                <AD_Client_ID>0</AD_Client_ID>
                <AD_Org_ID>0</AD_Org_ID>
                <IsActive>Y</IsActive>
                <ColumnName>MoveClient_ClientsToExclude</ColumnName>
                <Name>Clients to Exclude</Name>
                <Description>Comma separated list</Description>
                <Help/>
                <PrintName>Clients to Exclude</PrintName>
                <PO_Description/>
                <PO_Help/>
                <PO_Name/>
                <PO_PrintName/>
                <EntityType>U</EntityType>
                <AD_Element_UU>704d4942-6974-4fc8-acb4-f6b915a68f35</AD_Element_UU>
                <AD_Element_Trl type="translation">
                    <Help/>
                    <PO_Description/>
                    <PO_Help/>
                    <Name>Clients to Exclude</Name>
                    <Description>Comma separated list</Description>
                    <PrintName>Clients to Exclude</PrintName>
                    <PO_Name/>
                    <PO_PrintName/>
                    <AD_Language>pt_BR</AD_Language>
                    <IsActive>Y</IsActive>
                    <IsTranslated>N</IsTranslated>
                </AD_Element_Trl>
                <AD_Element_Trl type="translation">
                    <Help/>
                    <PO_Description/>
                    <PO_Help/>
                    <Name>Clients to Exclude</Name>
                    <Description>Comma separated list</Description>
                    <PrintName>Clients to Exclude</PrintName>
                    <PO_Name/>
                    <PO_PrintName/>
                    <AD_Language>es_CO</AD_Language>
                    <IsActive>Y</IsActive>
                    <IsTranslated>N</IsTranslated>
                </AD_Element_Trl>
            </AD_Element>
            <AD_Process_Para type="table">
                <AD_Client_ID>0</AD_Client_ID>
                <AD_Org_ID>0</AD_Org_ID>
                <IsActive>Y</IsActive>
                <Name>Clients to Exclude</Name>
                <Description>Comma separated list</Description>
                <Help/>
                <AD_Process_ID reference="uuid" reference-key="AD_Process">13de353f-189a-4b44-bd7e-fbef8d53fcc4</AD_Process_ID>
                <SeqNo>60</SeqNo>
                <AD_Reference_ID reference="id">10</AD_Reference_ID>
                <AD_Reference_Value_ID reference="id"/>
                <IsRange>N</IsRange>
                <AD_Val_Rule_ID reference="id"/>
                <FieldLength>32000</FieldLength>
                <IsMandatory>N</IsMandatory>
                <DefaultValue/>
                <VFormat/>
                <ValueMin/>
                <ValueMax/>
                <ColumnName>MoveClient_ClientsToExclude</ColumnName>
                <DefaultValue2/>
                <IsCentrallyMaintained>Y</IsCentrallyMaintained>
                <EntityType>U</EntityType>
                <AD_Element_ID reference="uuid" reference-key="AD_Element">704d4942-6974-4fc8-acb4-f6b915a68f35</AD_Element_ID>
                <ReadOnlyLogic/>
                <DisplayLogic/>
                <AD_Process_Para_UU>27ab7315-7435-46e2-ba59-7848443f55ea</AD_Process_Para_UU>
                <IsEncrypted>N</IsEncrypted>
                <MandatoryLogic/>
                <AD_Process_Para_Trl type="translation">
                    <Help/>
                    <Name>Clients to Exclude</Name>
                    <Description>Comma separated list</Description>
                    <AD_Language>pt_BR</AD_Language>
                    <IsActive>Y</IsActive>
                    <IsTranslated>N</IsTranslated>
                </AD_Process_Para_Trl>
                <AD_Process_Para_Trl type="translation">
                    <Help/>
                    <Name>Clients to Exclude</Name>
                    <Description>Comma separated list</Description>
                    <AD_Language>es_CO</AD_Language>
                    <IsActive>Y</IsActive>
                    <IsTranslated>N</IsTranslated>
                </AD_Process_Para_Trl>
            </AD_Process_Para>
            <AD_Element type="table">
                <AD_Client_ID>0</AD_Client_ID>
                <AD_Org_ID>0</AD_Org_ID>
                <IsActive>Y</IsActive>
                <ColumnName>MoveClient_ClientsToInclude</ColumnName>
                <Name>Clients to Include</Name>
                <Description>Comma separated list, if empty then all clients &gt;= 1000000 will be moved</Description>
                <Help/>
                <PrintName>Clients to Include</PrintName>
                <PO_Description/>
                <PO_Help/>
                <PO_Name/>
                <PO_PrintName/>
                <EntityType>U</EntityType>
                <AD_Element_UU>a0d472cd-5d1e-4ae9-8d41-e47e8b173065</AD_Element_UU>
                <AD_Element_Trl type="translation">
                    <Help/>
                    <PO_Description/>
                    <PO_Help/>
                    <Name>Clients to Include</Name>
                    <Description>Comma separated list, if empty then all clients &gt;= 1000000 will be moved</Description>
                    <PrintName>Clients to Include</PrintName>
                    <PO_Name/>
                    <PO_PrintName/>
                    <AD_Language>pt_BR</AD_Language>
                    <IsActive>Y</IsActive>
                    <IsTranslated>N</IsTranslated>
                </AD_Element_Trl>
                <AD_Element_Trl type="translation">
                    <Help/>
                    <PO_Description/>
                    <PO_Help/>
                    <Name>Clients to Include</Name>
                    <Description>Comma separated list, if empty then all clients &gt;= 1000000 will be moved</Description>
                    <PrintName>Clients to Include</PrintName>
                    <PO_Name/>
                    <PO_PrintName/>
                    <AD_Language>es_CO</AD_Language>
                    <IsActive>Y</IsActive>
                    <IsTranslated>N</IsTranslated>
                </AD_Element_Trl>
            </AD_Element>
            <AD_Process_Para type="table">
                <AD_Client_ID>0</AD_Client_ID>
                <AD_Org_ID>0</AD_Org_ID>
                <IsActive>Y</IsActive>
                <Name>Clients to Include</Name>
                <Description>Comma separated list, if empty then all clients &gt;= 1000000 will be moved</Description>
                <Help/>
                <AD_Process_ID reference="uuid" reference-key="AD_Process">13de353f-189a-4b44-bd7e-fbef8d53fcc4</AD_Process_ID>
                <SeqNo>50</SeqNo>
                <AD_Reference_ID reference="id">10</AD_Reference_ID>
                <AD_Reference_Value_ID reference="id"/>
                <IsRange>N</IsRange>
                <AD_Val_Rule_ID reference="id"/>
                <FieldLength>32000</FieldLength>
                <IsMandatory>N</IsMandatory>
                <DefaultValue/>
                <VFormat/>
                <ValueMin/>
                <ValueMax/>
                <ColumnName>MoveClient_ClientsToInclude</ColumnName>
                <DefaultValue2/>
                <IsCentrallyMaintained>Y</IsCentrallyMaintained>
                <EntityType>U</EntityType>
                <AD_Element_ID reference="uuid" reference-key="AD_Element">a0d472cd-5d1e-4ae9-8d41-e47e8b173065</AD_Element_ID>
                <ReadOnlyLogic/>
                <DisplayLogic/>
                <AD_Process_Para_UU>f2cbeb7c-f24b-4b7f-b75d-5f1e6ac9ccb5</AD_Process_Para_UU>
                <IsEncrypted>N</IsEncrypted>
                <MandatoryLogic/>
                <AD_Process_Para_Trl type="translation">
                    <Help/>
                    <Name>Clients to Include</Name>
                    <Description>Comma separated list, if empty then all clients &gt;= 1000000 will be moved</Description>
                    <AD_Language>pt_BR</AD_Language>
                    <IsActive>Y</IsActive>
                    <IsTranslated>N</IsTranslated>
                </AD_Process_Para_Trl>
                <AD_Process_Para_Trl type="translation">
                    <Help/>
                    <Name>Clients to Include</Name>
                    <Description>Comma separated list, if empty then all clients &gt;= 1000000 will be moved</Description>
                    <AD_Language>es_CO</AD_Language>
                    <IsActive>Y</IsActive>
                    <IsTranslated>N</IsTranslated>
                </AD_Process_Para_Trl>
            </AD_Process_Para>
            <AD_Element type="table">
                <AD_Client_ID>0</AD_Client_ID>
                <AD_Org_ID>0</AD_Org_ID>
                <IsActive>Y</IsActive>
                <ColumnName>MoveClient_TablesToExclude</ColumnName>
                <Name>Tables to Exclude</Name>
                <Description>Comma separated list of tables to exclude</Description>
                <Help/>
                <PrintName>Tables to Exclude</PrintName>
                <PO_Description/>
                <PO_Help/>
                <PO_Name/>
                <PO_PrintName/>
                <EntityType>U</EntityType>
                <AD_Element_UU>4051eaa0-ddc4-4662-9f85-11a61c2868c9</AD_Element_UU>
                <AD_Element_Trl type="translation">
                    <Help/>
                    <PO_Description/>
                    <PO_Help/>
                    <Name>Tables to Exclude</Name>
                    <Description>Comma separated list of tables to exclude</Description>
                    <PrintName>Tables to Exclude</PrintName>
                    <PO_Name/>
                    <PO_PrintName/>
                    <AD_Language>pt_BR</AD_Language>
                    <IsActive>Y</IsActive>
                    <IsTranslated>N</IsTranslated>
                </AD_Element_Trl>
                <AD_Element_Trl type="translation">
                    <Help/>
                    <PO_Description/>
                    <PO_Help/>
                    <Name>Tables to Exclude</Name>
                    <Description>Comma separated list of tables to exclude</Description>
                    <PrintName>Tables to Exclude</PrintName>
                    <PO_Name/>
                    <PO_PrintName/>
                    <AD_Language>es_CO</AD_Language>
                    <IsActive>Y</IsActive>
                    <IsTranslated>N</IsTranslated>
                </AD_Element_Trl>
            </AD_Element>
            <AD_Process_Para type="table">
                <AD_Client_ID>0</AD_Client_ID>
                <AD_Org_ID>0</AD_Org_ID>
                <IsActive>Y</IsActive>
                <Name>Tables to Exclude</Name>
                <Description>Comma separated list of tables to exclude</Description>
                <Help/>
                <AD_Process_ID reference="uuid" reference-key="AD_Process">13de353f-189a-4b44-bd7e-fbef8d53fcc4</AD_Process_ID>
                <SeqNo>40</SeqNo>
                <AD_Reference_ID reference="id">10</AD_Reference_ID>
                <AD_Reference_Value_ID reference="id"/>
                <IsRange>N</IsRange>
                <AD_Val_Rule_ID reference="id"/>
                <FieldLength>32000</FieldLength>
                <IsMandatory>N</IsMandatory>
                <DefaultValue/>
                <VFormat/>
                <ValueMin/>
                <ValueMax/>
                <ColumnName>MoveClient_TablesToExclude</ColumnName>
                <DefaultValue2/>
                <IsCentrallyMaintained>Y</IsCentrallyMaintained>
                <EntityType>U</EntityType>
                <AD_Element_ID reference="uuid" reference-key="AD_Element">4051eaa0-ddc4-4662-9f85-11a61c2868c9</AD_Element_ID>
                <ReadOnlyLogic/>
                <DisplayLogic/>
                <AD_Process_Para_UU>d1716e7c-3a87-481e-aaa4-b79d4fc197b8</AD_Process_Para_UU>
                <IsEncrypted>N</IsEncrypted>
                <MandatoryLogic/>
                <AD_Process_Para_Trl type="translation">
                    <Help/>
                    <Name>Tables to Exclude</Name>
                    <Description>Comma separated list of tables to exclude</Description>
                    <AD_Language>pt_BR</AD_Language>
                    <IsActive>Y</IsActive>
                    <IsTranslated>N</IsTranslated>
                </AD_Process_Para_Trl>
                <AD_Process_Para_Trl type="translation">
                    <Help/>
                    <Name>Tables to Exclude</Name>
                    <Description>Comma separated list of tables to exclude</Description>
                    <AD_Language>es_CO</AD_Language>
                    <IsActive>Y</IsActive>
                    <IsTranslated>N</IsTranslated>
                </AD_Process_Para_Trl>
            </AD_Process_Para>
            <AD_Element type="table">
                <AD_Client_ID>0</AD_Client_ID>
                <AD_Org_ID>0</AD_Org_ID>
                <IsActive>Y</IsActive>
                <ColumnName>MoveClient_JDBC_URL</ColumnName>
                <Name>JDBC URL</Name>
                <Description/>
                <Help/>
                <PrintName>JDBC URL</PrintName>
                <PO_Description/>
                <PO_Help/>
                <PO_Name/>
                <PO_PrintName/>
                <EntityType>U</EntityType>
                <AD_Element_UU>2b8f83f5-3b55-4d4b-9605-a79741770910</AD_Element_UU>
                <AD_Element_Trl type="translation">
                    <Help/>
                    <PO_Description/>
                    <PO_Help/>
                    <Name>JDBC URL</Name>
                    <Description/>
                    <PrintName>JDBC URL</PrintName>
                    <PO_Name/>
                    <PO_PrintName/>
                    <AD_Language>pt_BR</AD_Language>
                    <IsActive>Y</IsActive>
                    <IsTranslated>N</IsTranslated>
                </AD_Element_Trl>
                <AD_Element_Trl type="translation">
                    <Help/>
                    <PO_Description/>
                    <PO_Help/>
                    <Name>JDBC URL</Name>
                    <Description/>
                    <PrintName>JDBC URL</PrintName>
                    <PO_Name/>
                    <PO_PrintName/>
                    <AD_Language>es_CO</AD_Language>
                    <IsActive>Y</IsActive>
                    <IsTranslated>N</IsTranslated>
                </AD_Element_Trl>
            </AD_Element>
            <AD_Process_Para type="table">
                <AD_Client_ID>0</AD_Client_ID>
                <AD_Org_ID>0</AD_Org_ID>
                <IsActive>Y</IsActive>
                <Name>JDBC URL</Name>
                <Description/>
                <Help/>
                <AD_Process_ID reference="uuid" reference-key="AD_Process">13de353f-189a-4b44-bd7e-fbef8d53fcc4</AD_Process_ID>
                <SeqNo>10</SeqNo>
                <AD_Reference_ID reference="id">10</AD_Reference_ID>
                <AD_Reference_Value_ID reference="id"/>
                <IsRange>N</IsRange>
                <AD_Val_Rule_ID reference="id"/>
                <FieldLength>1000</FieldLength>
                <IsMandatory>Y</IsMandatory>
                <DefaultValue/>
                <VFormat/>
                <ValueMin/>
                <ValueMax/>
                <ColumnName>MoveClient_JDBC_URL</ColumnName>
                <DefaultValue2/>
                <IsCentrallyMaintained>Y</IsCentrallyMaintained>
                <EntityType>U</EntityType>
                <AD_Element_ID reference="uuid" reference-key="AD_Element">2b8f83f5-3b55-4d4b-9605-a79741770910</AD_Element_ID>
                <ReadOnlyLogic/>
                <DisplayLogic/>
                <AD_Process_Para_UU>ef5f6b43-d785-491e-ad4f-deecefb2bb9d</AD_Process_Para_UU>
                <IsEncrypted>N</IsEncrypted>
                <MandatoryLogic/>
                <AD_Process_Para_Trl type="translation">
                    <Help/>
                    <Name>JDBC URL</Name>
                    <Description/>
                    <AD_Language>pt_BR</AD_Language>
                    <IsActive>Y</IsActive>
                    <IsTranslated>N</IsTranslated>
                </AD_Process_Para_Trl>
                <AD_Process_Para_Trl type="translation">
                    <Help/>
                    <Name>JDBC URL</Name>
                    <Description/>
                    <AD_Language>es_CO</AD_Language>
                    <IsActive>Y</IsActive>
                    <IsTranslated>N</IsTranslated>
                </AD_Process_Para_Trl>
            </AD_Process_Para>
            <AD_Process_Para type="table">
                <AD_Client_ID>0</AD_Client_ID>
                <AD_Org_ID>0</AD_Org_ID>
                <IsActive>Y</IsActive>
                <Name>Password</Name>
                <Description>Password of any length (case sensitive)</Description>
                <Help>The Password for this User.  Passwords are required to identify authorized users.  For iDempiere Users, you can change the password via the Process "Reset Password".</Help>
                <AD_Process_ID reference="uuid" reference-key="AD_Process">13de353f-189a-4b44-bd7e-fbef8d53fcc4</AD_Process_ID>
                <SeqNo>30</SeqNo>
                <AD_Reference_ID reference="id">10</AD_Reference_ID>
                <AD_Reference_Value_ID reference="id"/>
                <IsRange>N</IsRange>
                <AD_Val_Rule_ID reference="id"/>
                <FieldLength>100</FieldLength>
                <IsMandatory>N</IsMandatory>
                <DefaultValue/>
                <VFormat/>
                <ValueMin/>
                <ValueMax/>
                <ColumnName>Password</ColumnName>
                <DefaultValue2/>
                <IsCentrallyMaintained>Y</IsCentrallyMaintained>
                <EntityType>U</EntityType>
                <AD_Element_ID reference="id">498</AD_Element_ID>
                <ReadOnlyLogic/>
                <DisplayLogic/>
                <AD_Process_Para_UU>ec4a3206-3d3d-4950-bc5f-df631969fddf</AD_Process_Para_UU>
                <IsEncrypted>Y</IsEncrypted>
                <MandatoryLogic/>
                <AD_Process_Para_Trl type="translation">
                    <Help>The Password for this User.  Passwords are required to identify authorized users.  For iDempiere Users, you can change the password via the Process "Reset Password".</Help>
                    <Name>Password</Name>
                    <Description>Password of any length (case sensitive)</Description>
                    <AD_Language>pt_BR</AD_Language>
                    <IsActive>Y</IsActive>
                    <IsTranslated>N</IsTranslated>
                </AD_Process_Para_Trl>
                <AD_Process_Para_Trl type="translation">
                    <Help>The Password for this User.  Passwords are required to identify authorized users.  For iDempiere Users, you can change the password via the Process "Reset Password".</Help>
                    <Name>Password</Name>
                    <Description>Password of any length (case sensitive)</Description>
                    <AD_Language>es_CO</AD_Language>
                    <IsActive>Y</IsActive>
                    <IsTranslated>N</IsTranslated>
                </AD_Process_Para_Trl>
            </AD_Process_Para>
            <AD_Process_Para type="table">
                <AD_Client_ID>0</AD_Client_ID>
                <AD_Org_ID>0</AD_Org_ID>
                <IsActive>Y</IsActive>
                <Name>User Name</Name>
                <Description/>
                <Help/>
                <AD_Process_ID reference="uuid" reference-key="AD_Process">13de353f-189a-4b44-bd7e-fbef8d53fcc4</AD_Process_ID>
                <SeqNo>20</SeqNo>
                <AD_Reference_ID reference="id">10</AD_Reference_ID>
                <AD_Reference_Value_ID reference="id"/>
                <IsRange>N</IsRange>
                <AD_Val_Rule_ID reference="id"/>
                <FieldLength>100</FieldLength>
                <IsMandatory>N</IsMandatory>
                <DefaultValue/>
                <VFormat/>
                <ValueMin/>
                <ValueMax/>
                <ColumnName>UserName</ColumnName>
                <DefaultValue2/>
                <IsCentrallyMaintained>Y</IsCentrallyMaintained>
                <EntityType>U</EntityType>
                <AD_Element_ID reference="id">1903</AD_Element_ID>
                <ReadOnlyLogic/>
                <DisplayLogic/>
                <AD_Process_Para_UU>90d49fe5-df90-4c88-b20d-e1c8e976784a</AD_Process_Para_UU>
                <IsEncrypted>N</IsEncrypted>
                <MandatoryLogic/>
                <AD_Process_Para_Trl type="translation">
                    <Help/>
                    <Name>User Name</Name>
                    <Description/>
                    <AD_Language>pt_BR</AD_Language>
                    <IsActive>Y</IsActive>
                    <IsTranslated>N</IsTranslated>
                </AD_Process_Para_Trl>
                <AD_Process_Para_Trl type="translation">
                    <Help/>
                    <Name>User Name</Name>
                    <Description/>
                    <AD_Language>es_CO</AD_Language>
                    <IsActive>Y</IsActive>
                    <IsTranslated>N</IsTranslated>
                </AD_Process_Para_Trl>
            </AD_Process_Para>
        </AD_Process>
    </AD_Menu>
    <SQLStatement type="custom">
        <DBType>ALL</DBType>
        <statement><![CDATA[CREATE TABLE T_MoveClient (AD_PInstance_ID NUMBER(10), TableName VARCHAR2(40), Source_ID NUMBER(10), Target_ID NUMBER(10))]]></statement>
    </SQLStatement>
    <SQLStatement type="custom">
        <DBType>ALL</DBType>
        <statement><![CDATA[CREATE UNIQUE INDEX UX_T_MoveClient ON T_MoveClient (AD_PInstance_ID,TableName,Source_ID)]]></statement>
    </SQLStatement>
</idempiere>
